sample_id,predicted_class,confidence
CGVA_0005,blight,0.8594
CGVA_0011,blight,0.9583
CGVA_0017,mosaic,0.7182
CGVA_0023,blight,0.8411
CGVA_0029,blight,0.876
CGVA_0035,blight,0.9925
CGVA_0041,blight,0.9933
CGVA_0047,blight,0.8467
CGVA_0053,blight,0.5808
CGVA_0059,mosaic,0.7884
CGVA_0065,blight,0.7949
CGVA_0071,blight,0.9794
CGVA_0077,blight,0.9324
CGVA_0083,blight,0.9968
CGVA_0089,blight,0.96
CGVA_0095,blight,0.756
CGVA_0101,blight,0.4878
CGVA_0107,blight,0.998
CGVA_0113,blight,0.9733
CGVA_0119,leaf_spot,0.4015
CGVA_0125,blight,0.9959
CGVA_0131,blight,0.3399
CGVA_0137,blight,0.6981
CGVA_0143,blight,0.9747
CGVA_0149,blight,0.8123
CGVA_0155,blight,0.9197
CGVA_0161,blight,0.9974
CGVA_0167,blight,0.9874
CGVA_0173,blight,0.8859
CGVA_0179,blight,0.9538
CGVA_0185,blight,0.9887
CGVA_0191,blight,0.4599
CGVA_0197,blight,0.9885
CGVA_0203,blight,0.8946
CGVA_0209,blight,0.999
CGVA_0215,blight,0.5248
CGVA_0221,blight,0.8943
CGVA_0227,blight,0.8669
CGVA_0233,blight,0.9809
CGVA_0239,blight,0.8879
CGVA_0002,healthy,0.9077
CGVA_0008,mosaic,0.6453
CGVA_0014,healthy,0.5394
CGVA_0020,mosaic,0.8535
CGVA_0026,healthy,0.3882
CGVA_0032,healthy,0.9749
CGVA_0038,healthy,0.7685
CGVA_0044,healthy,0.5568
CGVA_0050,healthy,0.933
CGVA_0056,healthy,0.842
CGVA_0062,healthy,0.6539
CGVA_0068,healthy,0.867
CGVA_0074,mosaic,0.4489
CGVA_0080,mosaic,0.8737
CGVA_0086,healthy,0.502
CGVA_0092,healthy,0.9092
CGVA_0098,leaf_spot,0.3799
CGVA_0104,healthy,0.8108
CGVA_0110,healthy,0.8579
CGVA_0116,healthy,0.5072
CGVA_0122,healthy,0.8726
CGVA_0128,healthy,0.8964
CGVA_0134,healthy,0.8506
CGVA_0140,healthy,0.9003
CGVA_0146,healthy,0.7603
CGVA_0152,healthy,0.9528
CGVA_0158,healthy,0.7681
CGVA_0164,mosaic,0.8514
CGVA_0170,healthy,0.9547
CGVA_0176,healthy,0.9146
CGVA_0182,leaf_spot,0.2565
CGVA_0188,healthy,0.7933
CGVA_0194,healthy,0.9492
CGVA_0200,healthy,0.9835
CGVA_0206,healthy,0.9312
CGVA_0212,healthy,0.9623
CGVA_0218,healthy,0.677
CGVA_0224,healthy,0.7814
CGVA_0230,healthy,0.5816
CGVA_0236,healthy,0.7064
CGVA_0000,leaf_spot,0.8035
CGVA_0006,leaf_spot,0.8744
CGVA_0012,leaf_spot,0.4868
CGVA_0018,mosaic,0.637
CGVA_0024,leaf_spot,0.8333
CGVA_0030,leaf_spot,0.964
CGVA_0036,leaf_spot,0.9638
CGVA_0042,leaf_spot,0.9671
CGVA_0048,leaf_spot,0.6489
CGVA_0054,leaf_spot,0.7354
CGVA_0060,leaf_spot,0.4875
CGVA_0066,leaf_spot,0.5345
CGVA_0072,leaf_spot,0.471
CGVA_0078,leaf_spot,0.6413
CGVA_0084,leaf_spot,0.8259
CGVA_0090,leaf_spot,0.4502
CGVA_0096,leaf_spot,0.3998
CGVA_0102,leaf_spot,0.9482
CGVA_0108,leaf_spot,0.3676
CGVA_0114,leaf_spot,0.7321
CGVA_0120,leaf_spot,0.7422
CGVA_0126,leaf_spot,0.5647
CGVA_0132,leaf_spot,0.6086
CGVA_0138,leaf_spot,0.7651
CGVA_0144,leaf_spot,0.4256
CGVA_0150,leaf_spot,0.4946
CGVA_0156,leaf_spot,0.7639
CGVA_0162,leaf_spot,0.6584
CGVA_0168,leaf_spot,0.6342
CGVA_0174,leaf_spot,0.7476
CGVA_0180,leaf_spot,0.6789
CGVA_0186,rust,0.475
CGVA_0192,leaf_spot,0.5277
CGVA_0198,leaf_spot,0.8842
CGVA_0204,leaf_spot,0.9624
CGVA_0210,leaf_spot,0.7645
CGVA_0216,leaf_spot,0.5709
CGVA_0222,mosaic,0.6692
CGVA_0228,mosaic,0.5212
CGVA_0234,leaf_spot,0.4074
CGVA_0004,mildew,0.7812
CGVA_0010,mildew,0.8726
CGVA_0016,mosaic,0.5769
CGVA_0022,healthy,0.3301
CGVA_0028,mosaic,0.7522
CGVA_0034,mildew,0.6561
CGVA_0040,mildew,0.9159
CGVA_0046,mildew,0.5763
CGVA_0052,mildew,0.8763
CGVA_0058,mildew,0.9134
CGVA_0064,mildew,0.9205
CGVA_0070,mildew,0.3728
CGVA_0076,mosaic,0.502
CGVA_0082,mosaic,0.4363
CGVA_0088,mosaic,0.5924
CGVA_0094,mildew,0.9027
CGVA_0100,mildew,0.47
CGVA_0106,mildew,0.9663
CGVA_0112,mosaic,0.5896
CGVA_0118,mildew,0.8394
CGVA_0124,mosaic,0.7897
CGVA_0130,mildew,0.9125
CGVA_0136,mildew,0.6732
CGVA_0142,mildew,0.7719
CGVA_0148,mosaic,0.7838
CGVA_0154,mildew,0.9928
CGVA_0160,mildew,0.6008
CGVA_0166,mildew,0.557
CGVA_0172,mildew,0.9857
CGVA_0178,mildew,0.7574
CGVA_0184,mildew,0.7091
CGVA_0190,mildew,0.455
CGVA_0196,mosaic,0.8444
CGVA_0202,mosaic,0.9384
CGVA_0208,mildew,0.8171
CGVA_0214,mosaic,0.7701
CGVA_0220,mildew,0.8873
CGVA_0226,mildew,0.8358
CGVA_0232,mildew,0.9914
CGVA_0238,mildew,0.7827
CGVA_0003,mosaic,0.9439
CGVA_0009,mosaic,0.9902
CGVA_0015,mosaic,0.9737
CGVA_0021,mosaic,0.9882
CGVA_0027,healthy,0.3876
CGVA_0033,mosaic,0.9671
CGVA_0039,mosaic,0.8946
CGVA_0045,mosaic,0.9973
CGVA_0051,healthy,0.5939
CGVA_0057,mosaic,0.9657
CGVA_0063,mosaic,0.9973
CGVA_0069,mosaic,0.9934
CGVA_0075,mosaic,0.7366
CGVA_0081,mosaic,0.9637
CGVA_0087,mosaic,0.9679
CGVA_0093,mosaic,0.9974
CGVA_0099,mosaic,0.9072
CGVA_0105,mosaic,0.9212
CGVA_0111,mosaic,0.7619
CGVA_0117,mildew,0.6567
CGVA_0123,mosaic,0.7129
CGVA_0129,mosaic,0.6817
CGVA_0135,mosaic,0.9729
CGVA_0141,mosaic,0.8449
CGVA_0147,mosaic,0.9979
CGVA_0153,mosaic,0.6379
CGVA_0159,mosaic,0.9954
CGVA_0165,mosaic,0.9724
CGVA_0171,mosaic,0.8497
CGVA_0177,mosaic,0.9971
CGVA_0183,mosaic,0.8779
CGVA_0189,mosaic,0.7073
CGVA_0195,mosaic,0.9685
CGVA_0201,mosaic,0.9518
CGVA_0207,mosaic,0.9591
CGVA_0213,mosaic,0.5283
CGVA_0219,mosaic,0.95
CGVA_0225,mosaic,0.3684
CGVA_0231,mosaic,0.9968
CGVA_0237,mosaic,0.9941
CGVA_0001,rust,0.9828
CGVA_0007,rust,0.8448
CGVA_0013,rust,0.8711
CGVA_0019,rust,0.8786
CGVA_0025,rust,0.6871
CGVA_0031,rust,0.9275
CGVA_0037,rust,0.9516
CGVA_0043,rust,0.8759
CGVA_0049,rust,0.9867
CGVA_0055,rust,0.6052
CGVA_0061,rust,0.9469
CGVA_0067,rust,0.9635
CGVA_0073,mosaic,0.5195
CGVA_0079,rust,0.9444
CGVA_0085,mosaic,0.6364
CGVA_0091,rust,0.9915
CGVA_0097,mosaic,0.8699
CGVA_0103,rust,0.8341
CGVA_0109,rust,0.8679
CGVA_0115,rust,0.986
CGVA_0121,rust,0.9652
CGVA_0127,rust,0.9807
CGVA_0133,rust,0.9076
CGVA_0139,rust,0.7989
CGVA_0145,rust,0.8745
CGVA_0151,rust,0.8725
CGVA_0157,rust,0.8905
CGVA_0163,rust,0.807
CGVA_0169,rust,0.9702
CGVA_0175,rust,0.9934
CGVA_0181,rust,0.9084
CGVA_0187,rust,0.9669
CGVA_0193,rust,0.9314
CGVA_0199,rust,0.9609
CGVA_0205,rust,0.9398
CGVA_0211,rust,0.8452
CGVA_0217,rust,0.8591
CGVA_0223,rust,0.9549
CGVA_0229,rust,0.9126
CGVA_0235,rust,0.9203
